{
    "mse": 14.262150270523659,
    "rmse": 3.7765262173753884,
    "mae": 2.861628583517291,
    "saved_at": "2024-11-09 02:46:37"
}