{
    "aic": 25353.930029114577,
    "bic": 25386.127268328535,
    "params": 